{
    "$schema": "https://schema.management.azure.com/schemas/2015-01-01/deploymentParameters.json#",
    "contentVersion": "1.0.0.0",
    "parameters": {
        "vulnerabilityAssessments_Default_storageContainerPath": {
            "value": null
        },
        "servers_infnetsql_name": {
            "value": null
        },
        "components_teste1_name": {
            "value": null
        },
        "actionGroups_Application_Insights_Smart_Detection_name": {
            "value": null
        },
        "smartdetectoralertrules_failure_anomalies___teste1_name": {
            "value": null
        },
        "workspaces_DefaultWorkspace_14cb40c9_1b82_461f_af45_60964f6d13f7_EUS_externalid": {
            "value": null
        }
    }
}