{
    "$schema": "https://schema.management.azure.com/schemas/2019-04-01/deploymentTemplate.json#",
    "contentVersion": "1.0.0.0",
    "parameters": {
        "sites_LcArdovinoAzureWebApp_name": {
            "defaultValue": "LcArdovinoAzureWebApp",
            "type": "String"
        },
        "storageAccounts_storageardovino_name": {
            "defaultValue": "storageardovino",
            "type": "String"
        },
        "serverfarms_PrimeiroProjetoWebAzure_name": {
            "defaultValue": "PrimeiroProjetoWebAzure",
            "type": "String"
        }
    },
    "variables": {},
    "resources": [
        {
            "type": "Microsoft.Storage/storageAccounts",
            "apiVersion": "2021-09-01",
            "name": "[parameters('storageAccounts_storageardovino_name')]",
            "location": "eastus",
            "sku": {
                "name": "Standard_LRS",
                "tier": "Standard"
            },
            "kind": "StorageV2",
            "properties": {
                "dnsEndpointType": "Standard",
                "defaultToOAuthAuthentication": false,
                "publicNetworkAccess": "Enabled",
                "allowCrossTenantReplication": true,
                "minimumTlsVersion": "TLS1_2",
                "allowBlobPublicAccess": true,
                "allowSharedKeyAccess": true,
                "networkAcls": {
                    "bypass": "AzureServices",
                    "virtualNetworkRules": [],
                    "ipRules": [],
                    "defaultAction": "Allow"
                },
                "supportsHttpsTrafficOnly": true,
                "encryption": {
                    "requireInfrastructureEncryption": false,
                    "services": {
                        "file": {
                            "keyType": "Account",
                            "enabled": true
                        },
                        "blob": {
                            "keyType": "Account",
                            "enabled": true
                        }
                    },
                    "keySource": "Microsoft.Storage"
                },
                "accessTier": "Hot"
            }
        },
        {
            "type": "Microsoft.Web/serverfarms",
            "apiVersion": "2021-03-01",
            "name": "[parameters('serverfarms_PrimeiroProjetoWebAzure_name')]",
            "location": "Brazil South",
            "sku": {
                "name": "F1",
                "tier": "Free",
                "size": "F1",
                "family": "F",
                "capacity": 0
            },
            "kind": "app",
            "properties": {
                "perSiteScaling": false,
                "elasticScaleEnabled": false,
                "maximumElasticWorkerCount": 0,
                "isSpot": false,
                "reserved": false,
                "isXenon": false,
                "hyperV": false,
                "targetWorkerCount": 0,
                "targetWorkerSizeId": 0,
                "zoneRedundant": false
            }
        },
        {
            "type": "Microsoft.Storage/storageAccounts/blobServices",
            "apiVersion": "2021-09-01",
            "name": "[concat(parameters('storageAccounts_storageardovino_name'), '/default')]",
            "dependsOn": [
                "[resourceId('Microsoft.Storage/storageAccounts', parameters('storageAccounts_storageardovino_name'))]"
            ],
            "sku": {
                "name": "Standard_LRS",
                "tier": "Standard"
            },
            "properties": {
                "changeFeed": {
                    "enabled": false
                },
                "restorePolicy": {
                    "enabled": false
                },
                "containerDeleteRetentionPolicy": {
                    "enabled": true,
                    "days": 7
                },
                "cors": {
                    "corsRules": []
                },
                "deleteRetentionPolicy": {
                    "allowPermanentDelete": false,
                    "enabled": true,
                    "days": 7
                },
                "isVersioningEnabled": false
            }
        },
        {
            "type": "Microsoft.Storage/storageAccounts/fileServices",
            "apiVersion": "2021-09-01",
            "name": "[concat(parameters('storageAccounts_storageardovino_name'), '/default')]",
            "dependsOn": [
                "[resourceId('Microsoft.Storage/storageAccounts', parameters('storageAccounts_storageardovino_name'))]"
            ],
            "sku": {
                "name": "Standard_LRS",
                "tier": "Standard"
            },
            "properties": {
                "protocolSettings": {
                    "smb": {}
                },
                "cors": {
                    "corsRules": []
                },
                "shareDeleteRetentionPolicy": {
                    "enabled": true,
                    "days": 7
                }
            }
        },
        {
            "type": "Microsoft.Storage/storageAccounts/queueServices",
            "apiVersion": "2021-09-01",
            "name": "[concat(parameters('storageAccounts_storageardovino_name'), '/default')]",
            "dependsOn": [
                "[resourceId('Microsoft.Storage/storageAccounts', parameters('storageAccounts_storageardovino_name'))]"
            ],
            "properties": {
                "cors": {
                    "corsRules": []
                }
            }
        },
        {
            "type": "Microsoft.Storage/storageAccounts/tableServices",
            "apiVersion": "2021-09-01",
            "name": "[concat(parameters('storageAccounts_storageardovino_name'), '/default')]",
            "dependsOn": [
                "[resourceId('Microsoft.Storage/storageAccounts', parameters('storageAccounts_storageardovino_name'))]"
            ],
            "properties": {
                "cors": {
                    "corsRules": []
                }
            }
        },
        {
            "type": "Microsoft.Web/sites",
            "apiVersion": "2021-03-01",
            "name": "[parameters('sites_LcArdovinoAzureWebApp_name')]",
            "location": "Brazil South",
            "dependsOn": [
                "[resourceId('Microsoft.Web/serverfarms', parameters('serverfarms_PrimeiroProjetoWebAzure_name'))]"
            ],
            "tags": {
                "hidden-related:/subscriptions/14cb40c9-1b82-461f-af45-60964f6d13f7/resourceGroups/PrimeiroProjetoWebAzure/providers/Microsoft.Web/serverFarms/PrimeiroProjetoWebAzure": "empty"
            },
            "kind": "app",
            "identity": {
                "type": "SystemAssigned"
            },
            "properties": {
                "enabled": true,
                "hostNameSslStates": [
                    {
                        "name": "lcardovinoazurewebapp.azurewebsites.net",
                        "sslState": "Disabled",
                        "hostType": "Standard"
                    },
                    {
                        "name": "lcardovinoazurewebapp.scm.azurewebsites.net",
                        "sslState": "Disabled",
                        "hostType": "Repository"
                    }
                ],
                "serverFarmId": "[resourceId('Microsoft.Web/serverfarms', parameters('serverfarms_PrimeiroProjetoWebAzure_name'))]",
                "reserved": false,
                "isXenon": false,
                "hyperV": false,
                "siteConfig": {
                    "numberOfWorkers": 1,
                    "acrUseManagedIdentityCreds": false,
                    "alwaysOn": false,
                    "http20Enabled": false,
                    "functionAppScaleLimit": 0,
                    "minimumElasticInstanceCount": 0
                },
                "scmSiteAlsoStopped": false,
                "clientAffinityEnabled": true,
                "clientCertEnabled": false,
                "clientCertMode": "Required",
                "hostNamesDisabled": false,
                "customDomainVerificationId": "AA1A048C8E6135F52DEDDCA5FCFF8B54242D2BF14C12B5E4C7ABA8E45F2FE497",
                "containerSize": 0,
                "dailyMemoryTimeQuota": 0,
                "httpsOnly": true,
                "redundancyMode": "None",
                "storageAccountRequired": false,
                "keyVaultReferenceIdentity": "SystemAssigned"
            }
        },
        {
            "type": "Microsoft.Web/sites/basicPublishingCredentialsPolicies",
            "apiVersion": "2021-03-01",
            "name": "[concat(parameters('sites_LcArdovinoAzureWebApp_name'), '/ftp')]",
            "location": "Brazil South",
            "dependsOn": [
                "[resourceId('Microsoft.Web/sites', parameters('sites_LcArdovinoAzureWebApp_name'))]"
            ],
            "tags": {
                "hidden-related:/subscriptions/14cb40c9-1b82-461f-af45-60964f6d13f7/resourceGroups/PrimeiroProjetoWebAzure/providers/Microsoft.Web/serverFarms/PrimeiroProjetoWebAzure": "empty"
            },
            "properties": {
                "allow": true
            }
        },
        {
            "type": "Microsoft.Web/sites/basicPublishingCredentialsPolicies",
            "apiVersion": "2021-03-01",
            "name": "[concat(parameters('sites_LcArdovinoAzureWebApp_name'), '/scm')]",
            "location": "Brazil South",
            "dependsOn": [
                "[resourceId('Microsoft.Web/sites', parameters('sites_LcArdovinoAzureWebApp_name'))]"
            ],
            "tags": {
                "hidden-related:/subscriptions/14cb40c9-1b82-461f-af45-60964f6d13f7/resourceGroups/PrimeiroProjetoWebAzure/providers/Microsoft.Web/serverFarms/PrimeiroProjetoWebAzure": "empty"
            },
            "properties": {
                "allow": true
            }
        },
        {
            "type": "Microsoft.Web/sites/config",
            "apiVersion": "2021-03-01",
            "name": "[concat(parameters('sites_LcArdovinoAzureWebApp_name'), '/web')]",
            "location": "Brazil South",
            "dependsOn": [
                "[resourceId('Microsoft.Web/sites', parameters('sites_LcArdovinoAzureWebApp_name'))]"
            ],
            "tags": {
                "hidden-related:/subscriptions/14cb40c9-1b82-461f-af45-60964f6d13f7/resourceGroups/PrimeiroProjetoWebAzure/providers/Microsoft.Web/serverFarms/PrimeiroProjetoWebAzure": "empty"
            },
            "properties": {
                "numberOfWorkers": 1,
                "defaultDocuments": [
                    "Default.htm",
                    "Default.html",
                    "Default.asp",
                    "index.htm",
                    "index.html",
                    "iisstart.htm",
                    "default.aspx",
                    "index.php",
                    "hostingstart.html"
                ],
                "netFrameworkVersion": "v6.0",
                "phpVersion": "5.6",
                "requestTracingEnabled": false,
                "remoteDebuggingEnabled": false,
                "httpLoggingEnabled": false,
                "acrUseManagedIdentityCreds": false,
                "logsDirectorySizeLimit": 35,
                "detailedErrorLoggingEnabled": false,
                "publishingUsername": "$LcArdovinoAzureWebApp",
                "scmType": "None",
                "use32BitWorkerProcess": true,
                "webSocketsEnabled": false,
                "alwaysOn": false,
                "managedPipelineMode": "Integrated",
                "virtualApplications": [
                    {
                        "virtualPath": "/",
                        "physicalPath": "site\\wwwroot",
                        "preloadEnabled": false
                    }
                ],
                "loadBalancing": "LeastRequests",
                "experiments": {
                    "rampUpRules": []
                },
                "autoHealEnabled": false,
                "vnetRouteAllEnabled": false,
                "vnetPrivatePortsCount": 0,
                "localMySqlEnabled": false,
                "managedServiceIdentityId": 3370,
                "ipSecurityRestrictions": [
                    {
                        "ipAddress": "Any",
                        "action": "Allow",
                        "priority": 1,
                        "name": "Allow all",
                        "description": "Allow all access"
                    }
                ],
                "scmIpSecurityRestrictions": [
                    {
                        "ipAddress": "Any",
                        "action": "Allow",
                        "priority": 1,
                        "name": "Allow all",
                        "description": "Allow all access"
                    }
                ],
                "scmIpSecurityRestrictionsUseMain": false,
                "http20Enabled": false,
                "minTlsVersion": "1.2",
                "scmMinTlsVersion": "1.0",
                "ftpsState": "FtpsOnly",
                "preWarmedInstanceCount": 0,
                "functionAppScaleLimit": 0,
                "functionsRuntimeScaleMonitoringEnabled": false,
                "minimumElasticInstanceCount": 0,
                "azureStorageAccounts": {}
            }
        },
        {
            "type": "Microsoft.Web/sites/hostNameBindings",
            "apiVersion": "2021-03-01",
            "name": "[concat(parameters('sites_LcArdovinoAzureWebApp_name'), '/', parameters('sites_LcArdovinoAzureWebApp_name'), '.azurewebsites.net')]",
            "location": "Brazil South",
            "dependsOn": [
                "[resourceId('Microsoft.Web/sites', parameters('sites_LcArdovinoAzureWebApp_name'))]"
            ],
            "properties": {
                "siteName": "LcArdovinoAzureWebApp",
                "hostNameType": "Verified"
            }
        },
        {
            "type": "Microsoft.Web/sites/siteextensions",
            "apiVersion": "2021-03-01",
            "name": "[concat(parameters('sites_LcArdovinoAzureWebApp_name'), '/Microsoft.AspNetCore.AzureAppServices.SiteExtension')]",
            "location": "Brazil South",
            "dependsOn": [
                "[resourceId('Microsoft.Web/sites', parameters('sites_LcArdovinoAzureWebApp_name'))]"
            ]
        },
        {
            "type": "Microsoft.Storage/storageAccounts/blobServices/containers",
            "apiVersion": "2021-09-01",
            "name": "[concat(parameters('storageAccounts_storageardovino_name'), '/default/azure-webjobs-hosts')]",
            "dependsOn": [
                "[resourceId('Microsoft.Storage/storageAccounts/blobServices', parameters('storageAccounts_storageardovino_name'), 'default')]",
                "[resourceId('Microsoft.Storage/storageAccounts', parameters('storageAccounts_storageardovino_name'))]"
            ],
            "properties": {
                "immutableStorageWithVersioning": {
                    "enabled": false
                },
                "defaultEncryptionScope": "$account-encryption-key",
                "denyEncryptionScopeOverride": false,
                "publicAccess": "None"
            }
        },
        {
            "type": "Microsoft.Storage/storageAccounts/blobServices/containers",
            "apiVersion": "2021-09-01",
            "name": "[concat(parameters('storageAccounts_storageardovino_name'), '/default/imagensardovino')]",
            "dependsOn": [
                "[resourceId('Microsoft.Storage/storageAccounts/blobServices', parameters('storageAccounts_storageardovino_name'), 'default')]",
                "[resourceId('Microsoft.Storage/storageAccounts', parameters('storageAccounts_storageardovino_name'))]"
            ],
            "properties": {
                "immutableStorageWithVersioning": {
                    "enabled": false
                },
                "defaultEncryptionScope": "$account-encryption-key",
                "denyEncryptionScopeOverride": false,
                "publicAccess": "Blob"
            }
        },
        {
            "type": "Microsoft.Storage/storageAccounts/queueServices/queues",
            "apiVersion": "2021-09-01",
            "name": "[concat(parameters('storageAccounts_storageardovino_name'), '/default/friend-queue')]",
            "dependsOn": [
                "[resourceId('Microsoft.Storage/storageAccounts/queueServices', parameters('storageAccounts_storageardovino_name'), 'default')]",
                "[resourceId('Microsoft.Storage/storageAccounts', parameters('storageAccounts_storageardovino_name'))]"
            ],
            "properties": {
                "metadata": {}
            }
        },
        {
            "type": "Microsoft.Storage/storageAccounts/queueServices/queues",
            "apiVersion": "2021-09-01",
            "name": "[concat(parameters('storageAccounts_storageardovino_name'), '/default/friend-queue-poison')]",
            "dependsOn": [
                "[resourceId('Microsoft.Storage/storageAccounts/queueServices', parameters('storageAccounts_storageardovino_name'), 'default')]",
                "[resourceId('Microsoft.Storage/storageAccounts', parameters('storageAccounts_storageardovino_name'))]"
            ],
            "properties": {
                "metadata": {}
            }
        }
    ]
}